input_url,final_url,video_id,status,source_script,out_json_path
https://www.tiktok.com/@leafchunch30days/video/7577580934644501815?is_from_webapp=1&sender_device=pc,https://www.tiktok.com/@leafchunch30days/video/7577580934644501815?is_from_webapp=1,7577580934644501815,ok,__UNIVERSAL_DATA_FOR_REHYDRATION__,tiktok_database_metadata/7577580934644501815.json
https://www.tiktok.com/@collinskey/video/7576783795861474574?is_from_webapp=1&sender_device=pc,https://www.tiktok.com/@collinskey/video/7576783795861474574?is_from_webapp=1,7576783795861474574,ok,__UNIVERSAL_DATA_FOR_REHYDRATION__,tiktok_database_metadata/7576783795861474574.json
https://www.tiktok.com/@kamilashh23/video/7577571983873936653?is_from_webapp=1&sender_device=pc,https://www.tiktok.com/@kamilashh23/video/7577571983873936653?is_from_webapp=1,7577571983873936653,ok,__UNIVERSAL_DATA_FOR_REHYDRATION__,tiktok_database_metadata/7577571983873936653.json
https://www.tiktok.com/@averi.q/video/7564025843173952781?is_from_webapp=1&sender_device=pc,https://www.tiktok.com/@averi.quintanilla/video/7564025843173952781?is_from_webapp=1&sender_device=pc,7564025843173952781,ok,__UNIVERSAL_DATA_FOR_REHYDRATION__,tiktok_database_metadata/7564025843173952781.json
https://www.tiktok.com/@pivpn360/video/7565815686526782742?is_from_webapp=1&sender_device=pc,https://www.tiktok.com/@pivpn360/video/7565815686526782742?is_from_webapp=1,7565815686526782742,ok,__UNIVERSAL_DATA_FOR_REHYDRATION__,tiktok_database_metadata/7565815686526782742.json
https://www.tiktok.com/@onlyheretoswindle/video/7545313760978816286?is_from_webapp=1&sender_device=pc,https://www.tiktok.com/@onlyheretoswindle/video/7545313760978816286?is_from_webapp=1,7545313760978816286,ok,__UNIVERSAL_DATA_FOR_REHYDRATION__,tiktok_database_metadata/7545313760978816286.json
https://www.tiktok.com/@meglskalla/video/7565314539319774495?is_from_webapp=1&sender_device=pc,https://www.tiktok.com/@meglskalla/video/7565314539319774495?is_from_webapp=1,7565314539319774495,ok,__UNIVERSAL_DATA_FOR_REHYDRATION__,tiktok_database_metadata/7565314539319774495.json
https://www.tiktok.com/@pabloandkaili/video/7571558054399888671?is_from_webapp=1&sender_device=pc,https://www.tiktok.com/@kkailimei/video/7571558054399888671?is_from_webapp=1&sender_device=pc,7571558054399888671,ok,__UNIVERSAL_DATA_FOR_REHYDRATION__,tiktok_database_metadata/7571558054399888671.json
https://www.tiktok.com/@maxim.yavneh/video/7567131219440209166?is_from_webapp=1&sender_device=pc,https://www.tiktok.com/@maxim.yavneh/video/7567131219440209166?is_from_webapp=1,7567131219440209166,ok,__UNIVERSAL_DATA_FOR_REHYDRATION__,tiktok_database_metadata/7567131219440209166.json
https://www.tiktok.com/@6sendyyyy3/video/7554495725967527198?is_from_webapp=1&sender_device=pc,https://www.tiktok.com/@6sendyyyy3/video/7554495725967527198?is_from_webapp=1,7554495725967527198,ok,__UNIVERSAL_DATA_FOR_REHYDRATION__,tiktok_database_metadata/7554495725967527198.json
https://www.tiktok.com/@brainrot.stories888/video/7563639285123943702?is_from_webapp=1&sender_device=pc,https://www.tiktok.com/@brainrot.stories888/video/7563639285123943702?is_from_webapp=1&sender_device=pc,7563639285123943702,ok,__UNIVERSAL_DATA_FOR_REHYDRATION__,tiktok_database_metadata/7563639285123943702.json
https://www.tiktok.com/@catchemistry1/video/7553307096750755094?is_from_webapp=1&sender_device=pc,https://www.tiktok.com/@catchemistry1/video/7553307096750755094?is_from_webapp=1,7553307096750755094,ok,__UNIVERSAL_DATA_FOR_REHYDRATION__,tiktok_database_metadata/7553307096750755094.json
https://www.tiktok.com/t/ZTrPvS7EN/,https://www.tiktok.com/@imaginevideoai/video/7576448175792213256?_r=1&_d=secCgYIASAHKAESPgo8I1kcwSDm%2FYs%2B5jXV8vw6MBJrzpSqOrJ0bS%2FoV0Vyi1qP1DtNnIN4g48vtBpy4OZNsqEOW%2FhBlEcMABDlGgA%3D&u_code=em9hi3j3b6402g&share_item_id=7576448175792213256&timestamp=1764822005&utm_campaign=client_share&utm_source=short_fallback&share_app_id=1233,7576448175792213256,ok,__UNIVERSAL_DATA_FOR_REHYDRATION__,tiktok_database_metadata/7576448175792213256.json
https://www.tiktok.com/t/ZTrPvh69B/,https://www.tiktok.com/@longliveai/video/7572588903748734230?_r=1&_d=secCgYIASAHKAESPgo8OE1UiZN4iiIZqZhDaTWXm%2FQaL9Uywfc%2BTKhpZHp9mIhVAqfDCLUg43dmt%2Ftcax2MD7btJ8xauksVhLp2GgA%3D&u_code=em9hi3j3b6402g&share_item_id=7572588903748734230&timestamp=1764821921&utm_campaign=client_share&utm_source=short_fallback&share_app_id=1233,7572588903748734230,ok,__UNIVERSAL_DATA_FOR_REHYDRATION__,tiktok_database_metadata/7572588903748734230.json
https://www.tiktok.com/t/ZTrPvHuoB/,https://www.tiktok.com/@jfhcsd53/video/7570364441578048798?_r=1&_d=secCgYIASAHKAESPgo83qllWNO%2FaTMRj7%2FkfwpqITrC7ti0yKfQTyJwl4rCofhBaf%2BxU6cL9cb%2FQQVPZkyyOYweF7JnNqZ1sgOtGgA%3D&u_code=em9hi3j3b6402g&share_item_id=7570364441578048798&timestamp=1764822057&utm_campaign=client_share&utm_source=short_fallback&share_app_id=1233,7570364441578048798,ok,__UNIVERSAL_DATA_FOR_REHYDRATION__,tiktok_database_metadata/7570364441578048798.json
https://www.tiktok.com/t/ZTrPvD7YY/,https://www.tiktok.com/@etkstudios/video/7570509549904416014?_r=1&_d=secCgYIASAHKAESPgo8USqEckHN7vilqYOtUx613YQynqKgs%2F23TLYIEr8vv7WXKSUV9%2BsVaSln5VWacy8kvGW1kS9L8W7U86hLGgA%3D&u_code=em9hi3j3b6402g&share_item_id=7570509549904416014&timestamp=1764822071&utm_campaign=client_share&utm_source=short_fallback&share_app_id=1233,7570509549904416014,ok,__UNIVERSAL_DATA_FOR_REHYDRATION__,tiktok_database_metadata/7570509549904416014.json
https://www.tiktok.com/@sora2openai/video/7569075411301256456?is_from_webapp=1&sender_device=pc&web_id=7553389778541987358,https://www.tiktok.com/@sora2openai/video/7569075411301256456?is_from_webapp=1&web_id=7553389778541987358,7569075411301256456,ok,__UNIVERSAL_DATA_FOR_REHYDRATION__,tiktok_database_metadata/7569075411301256456.json
https://www.tiktok.com/@sora2openai/video/7437530491336674567?is_from_webapp=1&sender_device=pc&web_id=7553389778541987358,https://www.tiktok.com/@sora2openai/video/7437530491336674567?is_from_webapp=1&web_id=7553389778541987358,7437530491336674567,ok,__UNIVERSAL_DATA_FOR_REHYDRATION__,tiktok_database_metadata/7437530491336674567.json
https://www.tiktok.com/@longliveai/video/7575690775833414934?is_from_webapp=1&sender_device=pc&web_id=7553389778541987358,https://www.tiktok.com/@longliveai/video/7575690775833414934?is_from_webapp=1&web_id=7553389778541987358,7575690775833414934,ok,__UNIVERSAL_DATA_FOR_REHYDRATION__,tiktok_database_metadata/7575690775833414934.json
https://www.tiktok.com/@etkstudios/video/7572274143912135950,https://www.tiktok.com/@etkstudios/video/7572274143912135950,7572274143912135950,ok,__UNIVERSAL_DATA_FOR_REHYDRATION__,tiktok_database_metadata/7572274143912135950.json
https://www.tiktok.com/@razbebalovka/video/7565941537897598228?is_from_webapp=1&sender_device=pc&web_id=7553389778541987358,https://www.tiktok.com/@lyna_t1k/video/7565941537897598228?is_from_webapp=1&sender_device=pc&web_id=7553389778541987358,7565941537897598228,ok,__UNIVERSAL_DATA_FOR_REHYDRATION__,tiktok_database_metadata/7565941537897598228.json
https://www.tiktok.com/@oscarthomas53/video/7575165404624981279?is_from_webapp=1&sender_device=pc&web_id=7553389778541987358,https://www.tiktok.com/@oscarthomas53/video/7575165404624981279?is_from_webapp=1&web_id=7553389778541987358,7575165404624981279,ok,__UNIVERSAL_DATA_FOR_REHYDRATION__,tiktok_database_metadata/7575165404624981279.json
https://www.tiktok.com/@blackballedgang/video/7577171547681574174?is_from_webapp=1&sender_device=pc&web_id=7553389778541987358,https://www.tiktok.com/@blackballedgang/video/7577171547681574174?is_from_webapp=1&web_id=7553389778541987358,7577171547681574174,ok,__UNIVERSAL_DATA_FOR_REHYDRATION__,tiktok_database_metadata/7577171547681574174.json
https://www.tiktok.com/@leafchunch30days/video/7577580934644501815,https://www.tiktok.com/@leafchunch30days/video/7577580934644501815,7577580934644501815,ok,__UNIVERSAL_DATA_FOR_REHYDRATION__,tiktok_database_metadata/7577580934644501815.json
https://www.tiktok.com/@goonerpranks/video/7552987925881867533?is_from_webapp=1&sender_device=pc,https://www.tiktok.com/@goonerpranks/video/7552987925881867533?is_from_webapp=1,7552987925881867533,ok,__UNIVERSAL_DATA_FOR_REHYDRATION__,tiktok_database_metadata/7552987925881867533.json
https://www.tiktok.com/@rankingbangers/video/7547446311511985438?is_from_webapp=1&sender_device=pc,https://www.tiktok.com/@rankingbangers/video/7547446311511985438?is_from_webapp=1,7547446311511985438,ok,__UNIVERSAL_DATA_FOR_REHYDRATION__,tiktok_database_metadata/7547446311511985438.json
https://www.tiktok.com/@haydn.mcmillen/video/7560845912164126007?is_from_webapp=1&sender_device=pc,https://www.tiktok.com/@haydn.mcmillen/video/7560845912164126007?is_from_webapp=1,7560845912164126007,ok,__UNIVERSAL_DATA_FOR_REHYDRATION__,tiktok_database_metadata/7560845912164126007.json
https://www.tiktok.com/@obelisklifts/video/7558432038643059998?is_from_webapp=1&sender_device=pc,https://www.tiktok.com/@colelovescarbs/video/7558432038643059998?is_from_webapp=1&sender_device=pc,7558432038643059998,ok,__UNIVERSAL_DATA_FOR_REHYDRATION__,tiktok_database_metadata/7558432038643059998.json
https://www.tiktok.com/@ilikehaskell/video/7555381433544756493?is_from_webapp=1&sender_device=pc,https://www.tiktok.com/@ilikehaskell/video/7555381433544756493?is_from_webapp=1,7555381433544756493,ok,__UNIVERSAL_DATA_FOR_REHYDRATION__,tiktok_database_metadata/7555381433544756493.json
https://www.tiktok.com/@singjing44/video/7579605600590515469?is_from_webapp=1&sender_device=pc,https://www.tiktok.com/@singjing44/video/7579605600590515469?is_from_webapp=1,7579605600590515469,ok,__UNIVERSAL_DATA_FOR_REHYDRATION__,tiktok_database_metadata/7579605600590515469.json
https://www.tiktok.com/@s_johnson_voiceovers/video/7557456501074382094?is_from_webapp=1&sender_device=pc,https://www.tiktok.com/@s_johnson_voiceovers/video/7557456501074382094?is_from_webapp=1,7557456501074382094,ok,__UNIVERSAL_DATA_FOR_REHYDRATION__,tiktok_database_metadata/7557456501074382094.json
https://www.tiktok.com/@imessi10_/video/7565903058022976790?is_from_webapp=1&sender_device=pc,https://www.tiktok.com/@peakpicks_tt/video/7565903058022976790?is_from_webapp=1&sender_device=pc,7565903058022976790,ok,__UNIVERSAL_DATA_FOR_REHYDRATION__,tiktok_database_metadata/7565903058022976790.json
https://www.tiktok.com/@mccurrenmartirano/video/7579593787995884831?is_from_webapp=1&sender_device=pc,https://www.tiktok.com/@thestoryjoker/video/7579593787995884831?is_from_webapp=1&sender_device=pc,7579593787995884831,ok,__UNIVERSAL_DATA_FOR_REHYDRATION__,tiktok_database_metadata/7579593787995884831.json
https://www.tiktok.com/@failedaivideos1/video/7579506448359542029?is_from_webapp=1&sender_device=pc&web_id=7546993837538117133,https://www.tiktok.com/@failedaivideos1/video/7579506448359542029?is_from_webapp=1&web_id=7546993837538117133,7579506448359542029,ok,__UNIVERSAL_DATA_FOR_REHYDRATION__,tiktok_database_metadata/7579506448359542029.json
https://www.tiktok.com/@iseenthatai/video/7565653523661212983?is_from_webapp=1&sender_device=pc&web_id=7546993837538117133,https://www.tiktok.com/@iseenthatai/video/7565653523661212983?is_from_webapp=1&web_id=7546993837538117133,7565653523661212983,ok,__UNIVERSAL_DATA_FOR_REHYDRATION__,tiktok_database_metadata/7565653523661212983.json
https://www.tiktok.com/@sora_creatives/video/7576917043950259487?is_from_webapp=1&sender_device=pc&web_id=7546993837538117133,https://www.tiktok.com/@sora_creatives/video/7576917043950259487?is_from_webapp=1&sender_device=pc&web_id=7546993837538117133,7576917043950259487,ok,__UNIVERSAL_DATA_FOR_REHYDRATION__,tiktok_database_metadata/7576917043950259487.json
https://www.tiktok.com/@popz.clipz/video/7575310430965386518?is_from_webapp=1&sender_device=pc&web_id=7546993837538117133,https://www.tiktok.com/@popz.clipz/video/7575310430965386518?is_from_webapp=1&web_id=7546993837538117133,7575310430965386518,ok,__UNIVERSAL_DATA_FOR_REHYDRATION__,tiktok_database_metadata/7575310430965386518.json
https://www.tiktok.com/@orange.cat.philos/video/7574104174766460215?is_from_webapp=1&sender_device=pc&web_id=7546993837538117133,https://www.tiktok.com/@orange.cat.philos/video/7574104174766460215?is_from_webapp=1&web_id=7546993837538117133,7574104174766460215,ok,__UNIVERSAL_DATA_FOR_REHYDRATION__,tiktok_database_metadata/7574104174766460215.json
https://www.tiktok.com/@aiiimages/video/7483985425929981202?is_from_webapp=1&sender_device=pc&web_id=7546993837538117133,https://www.tiktok.com/@aiiimages/video/7483985425929981202?is_from_webapp=1&web_id=7546993837538117133,7483985425929981202,ok,__UNIVERSAL_DATA_FOR_REHYDRATION__,tiktok_database_metadata/7483985425929981202.json
https://www.tiktok.com/@the.johnsonbrothers/video/7576429340146011423?is_from_webapp=1&sender_device=pc&web_id=7546993837538117133,https://www.tiktok.com/@the.johnsonbrothers/video/7576429340146011423?is_from_webapp=1&web_id=7546993837538117133,7576429340146011423,ok,__UNIVERSAL_DATA_FOR_REHYDRATION__,tiktok_database_metadata/7576429340146011423.json
https://www.tiktok.com/@phillipfrench0/video/7575685256129301790?is_from_webapp=1&sender_device=pc&web_id=7546993837538117133,https://www.tiktok.com/@phillipfrench0/video/7575685256129301790?is_from_webapp=1&web_id=7546993837538117133,7575685256129301790,ok,__UNIVERSAL_DATA_FOR_REHYDRATION__,tiktok_database_metadata/7575685256129301790.json
https://www.tiktok.com/@julesakacielo/video/7565699404930370846?is_from_webapp=1&sender_device=pc&web_id=7546993837538117133,https://www.tiktok.com/@julesakacielo/video/7565699404930370846?is_from_webapp=1&web_id=7546993837538117133,7565699404930370846,ok,__UNIVERSAL_DATA_FOR_REHYDRATION__,tiktok_database_metadata/7565699404930370846.json
https://www.tiktok.com/@adaptivve/video/7558850460627619127?is_from_webapp=1&sender_device=pc&web_id=7546993837538117133,https://www.tiktok.com/@adaptivve/video/7558850460627619127?is_from_webapp=1&sender_device=pc&web_id=7546993837538117133,7558850460627619127,ok,__UNIVERSAL_DATA_FOR_REHYDRATION__,tiktok_database_metadata/7558850460627619127.json
https://www.tiktok.com/@adoredbyler/video/7556443587047689486?is_from_webapp=1&sender_device=pc,https://www.tiktok.com/@adoredbyler/video/7556443587047689486?is_from_webapp=1,7556443587047689486,ok,__UNIVERSAL_DATA_FOR_REHYDRATION__,tiktok_database_metadata/7556443587047689486.json
https://www.tiktok.com/@lenkalul/video/7568512712422984962?is_from_webapp=1&sender_device=pc,https://www.tiktok.com/@lenkalul/video/7568512712422984962?is_from_webapp=1,7568512712422984962,ok,__UNIVERSAL_DATA_FOR_REHYDRATION__,tiktok_database_metadata/7568512712422984962.json
https://www.tiktok.com/@elaelathao/video/7569845040734883086?is_from_webapp=1&sender_device=pc,https://www.tiktok.com/@elaelathao/video/7569845040734883086?is_from_webapp=1,7569845040734883086,ok,__UNIVERSAL_DATA_FOR_REHYDRATION__,tiktok_database_metadata/7569845040734883086.json
https://www.tiktok.com/@asmrvault7/video/7576970659809512726?is_from_webapp=1&sender_device=pc,https://www.tiktok.com/@asmrvault7/video/7576970659809512726?is_from_webapp=1,7576970659809512726,ok,__UNIVERSAL_DATA_FOR_REHYDRATION__,tiktok_database_metadata/7576970659809512726.json
https://www.tiktok.com/@conangray/video/7579661748697894158?is_from_webapp=1&sender_device=pc,https://www.tiktok.com/@conangray/video/7579661748697894158?is_from_webapp=1,7579661748697894158,ok,__UNIVERSAL_DATA_FOR_REHYDRATION__,tiktok_database_metadata/7579661748697894158.json
https://www.tiktok.com/@mariona.roma/video/7558532769039584534?is_from_webapp=1&sender_device=pc,https://www.tiktok.com/@mariona.roma/video/7558532769039584534?is_from_webapp=1,7558532769039584534,ok,__UNIVERSAL_DATA_FOR_REHYDRATION__,tiktok_database_metadata/7558532769039584534.json
https://www.tiktok.com/@jjcoloring3/video/7566724881421782303?is_from_webapp=1&sender_device=pc,https://www.tiktok.com/@jjcoloring3/video/7566724881421782303?is_from_webapp=1,7566724881421782303,ok,__UNIVERSAL_DATA_FOR_REHYDRATION__,tiktok_database_metadata/7566724881421782303.json
https://www.tiktok.com/@Hamnet/video/7580017006175390993?is_from_webapp=1&sender_device=pc,https://www.tiktok.com/@Hamnet/video/7580017006175390993?is_from_webapp=1&sender_device=pc,7580017006175390993,ok,__UNIVERSAL_DATA_FOR_REHYDRATION__,tiktok_database_metadata/7580017006175390993.json
https://www.tiktok.com/@hidayabll/video/7578534740194626838?is_from_webapp=1&sender_device=pc,https://www.tiktok.com/@hidayabll/video/7578534740194626838?is_from_webapp=1,7578534740194626838,ok,__UNIVERSAL_DATA_FOR_REHYDRATION__,tiktok_database_metadata/7578534740194626838.json
https://www.tiktok.com/@thefairywhobakes/video/7557660558309297439?is_from_webapp=1&sender_device=pc,https://www.tiktok.com/@thefairywhobakes/video/7557660558309297439?is_from_webapp=1,7557660558309297439,ok,__UNIVERSAL_DATA_FOR_REHYDRATION__,tiktok_database_metadata/7557660558309297439.json
https://www.tiktok.com/@marlonhafid._/video/7579400087252503820?is_from_webapp=1&sender_device=pc,https://www.tiktok.com/@marlonhafid._/video/7579400087252503820?is_from_webapp=1,7579400087252503820,ok,__UNIVERSAL_DATA_FOR_REHYDRATION__,tiktok_database_metadata/7579400087252503820.json
https://www.tiktok.com/@mycavgracie/video/7557474426871106838?is_from_webapp=1&sender_device=pc,https://www.tiktok.com/@mycavgracie/video/7557474426871106838?is_from_webapp=1,7557474426871106838,ok,__UNIVERSAL_DATA_FOR_REHYDRATION__,tiktok_database_metadata/7557474426871106838.json
https://www.tiktok.com/@meow.cat186/video/7569662537210400023?is_from_webapp=1&sender_device=pc,https://www.tiktok.com/@meow.cat186/video/7569662537210400023?is_from_webapp=1,7569662537210400023,ok,__UNIVERSAL_DATA_FOR_REHYDRATION__,tiktok_database_metadata/7569662537210400023.json
https://www.tiktok.com/@nhuong.giang6/video/7574768939310271799?is_from_webapp=1&sender_device=pc,https://www.tiktok.com/@nhuong.giang6/video/7574768939310271799?is_from_webapp=1&sender_device=pc,7574768939310271799,ok,__UNIVERSAL_DATA_FOR_REHYDRATION__,tiktok_database_metadata/7574768939310271799.json
https://www.tiktok.com/@viral_clips_tik/video/7559157056788335895?is_from_webapp=1&sender_device=pc,https://www.tiktok.com/@viral_clips_tik/video/7559157056788335895?is_from_webapp=1,7559157056788335895,ok,__UNIVERSAL_DATA_FOR_REHYDRATION__,tiktok_database_metadata/7559157056788335895.json
https://www.tiktok.com/@user51360142036247/video/7567067141611031839?is_from_webapp=1&sender_device=pc,https://www.tiktok.com/@user51360142036247/video/7567067141611031839?is_from_webapp=1,7567067141611031839,ok,__UNIVERSAL_DATA_FOR_REHYDRATION__,tiktok_database_metadata/7567067141611031839.json
https://www.tiktok.com/@catmeow3694/video/7557726389655342366?is_from_webapp=1&sender_device=pc,https://www.tiktok.com/@catmeow3694/video/7557726389655342366?is_from_webapp=1,7557726389655342366,ok,__UNIVERSAL_DATA_FOR_REHYDRATION__,tiktok_database_metadata/7557726389655342366.json
https://www.tiktok.com/@derbosskracher/video/7577826991823637782?is_from_webapp=1&sender_device=pc,https://www.tiktok.com/@derbosskracher/video/7577826991823637782?is_from_webapp=1&sender_device=pc,7577826991823637782,ok,__UNIVERSAL_DATA_FOR_REHYDRATION__,tiktok_database_metadata/7577826991823637782.json
https://www.tiktok.com/@chubbycat_1/video/7571144959718460727?is_from_webapp=1&sender_device=pc,https://www.tiktok.com/@chubbycat_1/video/7571144959718460727?is_from_webapp=1,7571144959718460727,ok,__UNIVERSAL_DATA_FOR_REHYDRATION__,tiktok_database_metadata/7571144959718460727.json
https://www.tiktok.com/@catmeow3694/video/7559933668886646047?is_from_webapp=1&sender_device=pc,https://www.tiktok.com/@catmeow3694/video/7559933668886646047?is_from_webapp=1,7559933668886646047,ok,__UNIVERSAL_DATA_FOR_REHYDRATION__,tiktok_database_metadata/7559933668886646047.json
https://www.tiktok.com/@brainrot.stories888/video/7563324785250536726?is_from_webapp=1&sender_device=pc,https://www.tiktok.com/@brainrot.stories888/video/7563324785250536726?is_from_webapp=1&sender_device=pc,7563324785250536726,ok,__UNIVERSAL_DATA_FOR_REHYDRATION__,tiktok_database_metadata/7563324785250536726.json
https://www.tiktok.com/@zasai26/video/7557645668525952287?is_from_webapp=1&sender_device=pc,https://www.tiktok.com/@zasai26/video/7557645668525952287?is_from_webapp=1,7557645668525952287,ok,__UNIVERSAL_DATA_FOR_REHYDRATION__,tiktok_database_metadata/7557645668525952287.json
https://www.tiktok.com/@aaron_robins/video/7561085106509614358?is_from_webapp=1&sender_device=pc,https://www.tiktok.com/@aaron_robins/video/7561085106509614358?is_from_webapp=1,7561085106509614358,ok,__UNIVERSAL_DATA_FOR_REHYDRATION__,tiktok_database_metadata/7561085106509614358.json
https://www.tiktok.com/t/ZTr5DRGXL/,https://www.tiktok.com/@melon.ballz/video/7492846119345573150?_r=1&_d=secCgYIASAHKAESPgo8diLnyOuBb6FV6qQuD8re4fz1Rrw9%2Fi9uvQb%2FX2i%2BwLdqmdTDid5af1kDEdPjPHUdROKiMCt0lc0enXwwGgA%3D&u_code=d8f8elm5bgg66e&share_item_id=7492846119345573150&timestamp=1764866065&utm_campaign=client_share&utm_source=short_fallback&share_app_id=1233,7492846119345573150,ok,__UNIVERSAL_DATA_FOR_REHYDRATION__,tiktok_database_metadata/7492846119345573150.json
https://www.tiktok.com/t/ZTr5DCc2X/,https://www.tiktok.com/@soymilk.asmr/video/7578883001182964999?_r=1&_d=secCgYIASAHKAESPgo8GMyHLwCdBxMM8CkBP5HJyZeB0zPnWonO2j0scR5LFU5uzipaRmo%2FmM%2B9Ch4cjS2ReS0nQieAKKpQt8ZrGgA%3D&u_code=d8f8elm5bgg66e&share_item_id=7578883001182964999&timestamp=1764866128&utm_campaign=client_share&utm_source=short_fallback&share_app_id=1233,7578883001182964999,ok,__UNIVERSAL_DATA_FOR_REHYDRATION__,tiktok_database_metadata/7578883001182964999.json
https://www.tiktok.com/t/ZTr5DCX19/,https://www.tiktok.com/@nibsgonewild/video/7577453057814891789?_r=1&_d=secCgYIASAHKAESPgo8KLMtWUpBgPnhgNBDjFaDFfzw4vvLatE2kHxu6hE%2FwGVXcPAGZDToneuRhq1VsWRg3SRwTXjJPIdPXTqiGgA%3D&u_code=d8f8elm5bgg66e&share_item_id=7577453057814891789&timestamp=1764866155&utm_campaign=client_share&utm_source=short_fallback&share_app_id=1233,7577453057814891789,ok,__UNIVERSAL_DATA_FOR_REHYDRATION__,tiktok_database_metadata/7577453057814891789.json
https://www.tiktok.com/t/ZTr5DPgPk/,https://www.tiktok.com/@pygmallionaire/video/7577082695943982391?_r=1&_d=secCgYIASAHKAESPgo8lsKlJBl9J68vAtv6P9kDrax2%2B6lWHnlSXdYjY50%2FLhVfelzzCBJ7%2BigjiM7xma74OORZ07Xdsi4yJDuCGgA%3D&u_code=d8f8elm5bgg66e&share_item_id=7577082695943982391&timestamp=1764866171&utm_campaign=client_share&utm_source=short_fallback&share_app_id=1233,7577082695943982391,ok,__UNIVERSAL_DATA_FOR_REHYDRATION__,tiktok_database_metadata/7577082695943982391.json
https://www.tiktok.com/t/ZTr5DQhJE/,https://www.tiktok.com/@blondiegirl25/video/7564590305509510414?_r=1&_d=secCgYIASAHKAESPgo8D4yG18URfm1Y9A7%2BgxCDOZsw3kK355CMNBP6xGXGjydipwTRm%2Bh0w87TGC%2FMUFb4rb4EtOBXFQvLtQ7XGgA%3D&u_code=d8f8elm5bgg66e&share_item_id=7564590305509510414&timestamp=1764866202&utm_campaign=client_share&utm_source=short_fallback&share_app_id=1233,7564590305509510414,ok,__UNIVERSAL_DATA_FOR_REHYDRATION__,tiktok_database_metadata/7564590305509510414.json
https://www.tiktok.com/@lbsbs13/video/7576455117285641503?_r=1&_t=ZT-91wfqhaGddV,https://www.tiktok.com/@lbsbs13/video/7576455117285641503?_r=1&_t=ZT-91wfqhaGddV,7576455117285641503,ok,__UNIVERSAL_DATA_FOR_REHYDRATION__,tiktok_database_metadata/7576455117285641503.json
https://www.tiktok.com/@dezeen/video/7567416648878083350?_r=1&_t=ZT-91wfyLEr4w3,https://www.tiktok.com/@dezeen/video/7567416648878083350?_r=1&_t=ZT-91wfyLEr4w3,7567416648878083350,ok,__UNIVERSAL_DATA_FOR_REHYDRATION__,tiktok_database_metadata/7567416648878083350.json
https://www.tiktok.com/@katie.gibson02/video/7567923456134679822?_r=1&_t=ZT-91wg66oR1vp,https://www.tiktok.com/@katie.gibson02/video/7567923456134679822?_r=1&_t=ZT-91wg66oR1vp,7567923456134679822,ok,__UNIVERSAL_DATA_FOR_REHYDRATION__,tiktok_database_metadata/7567923456134679822.json
https://www.tiktok.com/t/ZTr5UUsE4/,https://www.tiktok.com/@/video/7576825225564785938?_r=1&_d=secCgYIASAHKAESPgo8KkZt42UORDbSDH76UV186tvBF%2BMUWXCtOEu%2BQGNxs6b%2B5tazZ1aZwkvr6lviPkg4ZKRLc3lm5EO%2FrB5BGgA%3D&u_code=d8f8elm5bgg66e&share_item_id=7576825225564785938&timestamp=1764867035&utm_campaign=client_share&utm_source=short_fallback&share_app_id=1233,7576825225564785938,ok,__UNIVERSAL_DATA_FOR_REHYDRATION__,tiktok_database_metadata/7576825225564785938.json
https://www.tiktok.com/t/ZTr5UjswU/,https://www.tiktok.com/@liz_erd..continued/video/7579344647487622430?_r=1&_d=secCgYIASAHKAESPgo85bw2QBCXi%2BYGDs4rIp3HfBwJhJbQQCi7YxNAYHlMoJk5I6xu1ZXAVnVkblYNbHwFPodHr%2BwoQPAQuHuoGgA%3D&u_code=d8f8elm5bgg66e&share_item_id=7579344647487622430&timestamp=1764867082&utm_campaign=client_share&utm_source=short_fallback&share_app_id=1233,7579344647487622430,ok,__UNIVERSAL_DATA_FOR_REHYDRATION__,tiktok_database_metadata/7579344647487622430.json
https://www.tiktok.com/@snappaws/video/7573118083594833174?_r=1&_t=ZT-91wfgN12Zcj,https://www.tiktok.com/@snappaws/video/7573118083594833174?_r=1&_t=ZT-91wfgN12Zcj,7573118083594833174,ok,__UNIVERSAL_DATA_FOR_REHYDRATION__,tiktok_database_metadata/7573118083594833174.json
https://www.tiktok.com/t/ZTr5Dw63L/,https://www.tiktok.com/@/video/7579816622622313758?_r=1&_d=secCgYIASAHKAESPgo86fkcPTn4l4eMBxvoqZ1UD4%2FDc7MBfl%2FSmgZu5KmaKGSRg9DUAqv3V%2FdLQh1LIpFuA3TmsXGI1MsdWk9MGgA%3D&u_code=d8f8elm5bgg66e&share_item_id=7579816622622313758&timestamp=1764866961&utm_campaign=client_share&utm_source=short_fallback&share_app_id=1233,7579816622622313758,ok,__UNIVERSAL_DATA_FOR_REHYDRATION__,tiktok_database_metadata/7579816622622313758.json
https://www.tiktok.com/t/ZTr5UmmPP/,https://www.tiktok.com/@longliveai/video/7575690775833414934?_r=1&_d=secCgYIASAHKAESPgo8cfHMoZkPIM0jwwvQvXwRdl0w60eK4X9Y4uXPWu1iC3bFb5Mp42rMM3mfnSOGVp0vnhAAJ%2BGSuZX6f1APGgA%3D&u_code=d8f8elm5bgg66e&share_item_id=7575690775833414934&timestamp=1764867102&utm_campaign=client_share&utm_source=short_fallback&share_app_id=1233,7575690775833414934,ok,__UNIVERSAL_DATA_FOR_REHYDRATION__,tiktok_database_metadata/7575690775833414934.json
https://www.tiktok.com/t/ZTr5U9qjD/,https://www.tiktok.com/@raclipzz0/video/7568766587424099598?_r=1&_d=secCgYIASAHKAESPgo82Klwhj5xEeDu4%2Fmobh8QguNiUpfyEwK0ihZTRXOpOiNUCEhOH083GXdw9PrjOnPtAnVk4pAdm2XTNsXnGgA%3D&u_code=d8f8elm5bgg66e&share_item_id=7568766587424099598&timestamp=1764867115&utm_campaign=client_share&utm_source=short_fallback&share_app_id=1233,7568766587424099598,ok,__UNIVERSAL_DATA_FOR_REHYDRATION__,tiktok_database_metadata/7568766587424099598.json
https://www.tiktok.com/t/ZTr5UxKjr/,https://www.tiktok.com/@underpaid_mom/video/7557622504462748946?_r=1&_d=secCgYIASAHKAESPgo8axJ4nqcWT24y7QBVZ%2F8nJsVzI1P41z1Cr5VkxnOrg9buSvmEyhTqqiBvNHT1GwV34yhPScspVrzm0rYdGgA%3D&u_code=d8f8elm5bgg66e&share_item_id=7557622504462748946&timestamp=1764867124&utm_campaign=client_share&utm_source=short_fallback&share_app_id=1233,7557622504462748946,ok,__UNIVERSAL_DATA_FOR_REHYDRATION__,tiktok_database_metadata/7557622504462748946.json
https://www.tiktok.com/t/ZTr5Ua74A/,https://www.tiktok.com/@aiasmr1926/video/7574438771987336503?_r=1&_d=secCgYIASAHKAESPgo8%2BUpp7MSWYSgVhZYWIU2gzhh2rBJf9RMtXtmr3guHIa8m2dzm3nZTkTjrRPlysI6bg65%2BAsnF3ZPx%2B4FEGgA%3D&u_code=d8f8elm5bgg66e&share_item_id=7574438771987336503&timestamp=1764867173&utm_campaign=client_share&utm_source=short_fallback&share_app_id=1233,7574438771987336503,ok,__UNIVERSAL_DATA_FOR_REHYDRATION__,tiktok_database_metadata/7574438771987336503.json
https://www.tiktok.com/t/ZTr5UBmF3/,https://www.tiktok.com/@pilkscales/video/7536951609968921886?_r=1&_d=secCgYIASAHKAESPgo8q1QFPfv07RmtSIgA2IPmppCWQNo8gNVOle1vynqcsoYx0YAbLF%2B3cvyxlL9Y6BzfqnLO4nkI%2BDkUxCf6GgA%3D&u_code=d8f8elm5bgg66e&share_item_id=7536951609968921886&timestamp=1764867266&utm_campaign=client_share&utm_source=short_fallback&share_app_id=1233,7536951609968921886,ok,__UNIVERSAL_DATA_FOR_REHYDRATION__,tiktok_database_metadata/7536951609968921886.json
https://www.tiktok.com/t/ZTr5U2Kpw/,https://www.tiktok.com/@katy786527/video/7562087872656919822?_r=1&_d=secCgYIASAHKAESPgo8fp6noJkklaWdKi%2BbZJSRfjRIRCGTWmzTMN4DgvM%2BTqqGdiR1JRRdkT3AWw2oUkZL2TzOL9ckjiqyAyJtGgA%3D&u_code=d8f8elm5bgg66e&share_item_id=7562087872656919822&timestamp=1764867342&utm_campaign=client_share&utm_source=short_fallback&share_app_id=1233,7562087872656919822,ok,__UNIVERSAL_DATA_FOR_REHYDRATION__,tiktok_database_metadata/7562087872656919822.json
https://www.tiktok.com/t/ZTr5Uvosk/,https://www.tiktok.com/@/video/7572935750174690563?_r=1&_d=secCgYIASAHKAESPgo8q8JMGw9HqCKcP8VFIcc5RNL58FYZMNsqmzf4slRvPGaAXs1YmQFR0XHzFz4i9ZJ0lXgHNsQ9aauav5bPGgA%3D&u_code=d8f8elm5bgg66e&share_item_id=7572935750174690563&timestamp=1764867383&utm_campaign=client_share&utm_source=short_fallback&share_app_id=1233,7572935750174690563,ok,__UNIVERSAL_DATA_FOR_REHYDRATION__,tiktok_database_metadata/7572935750174690563.json
https://www.tiktok.com/t/ZTr5UKk1G/,https://www.tiktok.com/@insane.videos.ai/video/7575414142497000734?_r=1&_d=secCgYIASAHKAESPgo8ODZFd0mRezz01yo4aSp0Qu%2BjcTY49VRqSecdC7gKaHWFcTo%2B8TtCmtdmBsabcBmOgm%2BMHGUowL8ps3e%2BGgA%3D&u_code=d8f8elm5bgg66e&share_item_id=7575414142497000734&timestamp=1764867408&utm_campaign=client_share&utm_source=short_fallback&share_app_id=1233,7575414142497000734,ok,__UNIVERSAL_DATA_FOR_REHYDRATION__,tiktok_database_metadata/7575414142497000734.json
